[
  {
  "PropertyGroupId": "kinesis.analytics.flink.run.options",
  "PropertyMap": {
    "python": "kinesis-stream-to-firehose/main.py",
    "jarfile": "kinesis-stream-to-firehose/lib/aws-kinesis-analytics-python-apps-1.jar"
   }
  },
  {
    "PropertyGroupId": "consumer.config.0",
    "PropertyMap": {
      "input.stream.name": "martucci-kinesis-stream-firehose",
      "flink.stream.initpos": "LATEST",
      "aws.region": "us-east-1"
    }
  },
  {
    "PropertyGroupId": "producer.config.0",
    "PropertyMap": {
      "output.stream.name": "martucci-kinesis-delivery-stream",
      "aws.region": "us-east-1"
    }
  }
]